"nom_eleve","prenom_eleve","nom_classe","date_naissance_eleve","adresse_eleve","sexe_eleve"
"Durand","Marie","CP","2015-01-02 00:00:00","15 rue du Lac 75001 Paris","FEMME"
"Alesi","Julie","CP","2014-01-08 00:00:00","72 av. Jean Dupont 75003 Paris","FEMME"
"Valegin","Jean","CP","2014-11-28 00:00:00","15 rue du Lac 75001 Paris","HOMME"
"Eto","Gabin","CP","2015-11-18 00:00:00","15 rue du Lac 75001 Paris","HOMME"
"Fivolini","Kevin","CP","2015-12-06 00:00:00","15 rue du Lac 75001 Paris","HOMME"
"Laferme","Martin","CP","2015-12-07 00:00:00","15 rue du Lac 75001 Paris","HOMME"
"Dupuis","Vincent","CP","2015-12-15 00:00:00","15 rue du Lac 75001 Paris","HOMME"
"Lagrange","Alexandre","CP","2014-12-28 00:00:00","15 rue du Lac 75001 Paris","HOMME"
"Michelet","Jean","CE1","2013-04-08 00:00:00","15 rue du Lac 75001 Paris","HOMME"
"Dupond","Pierre","CE1","2013-04-09 00:00:00","15 rue du Lac 75001 Paris","HOMME"
"Lidar","Thierry","CE1","2013-06-02 00:00:00","15 rue du Lac 75001 Paris","HOMME"
"Mo","Francis","CE1","2013-06-03 00:00:00","15 rue du Lac 75001 Paris","HOMME"
"Obino","Alex","CE1","2013-06-08 00:00:00","2 rue Jean Paul 92340 Vallodo","HOMME"
"Hariford","John","CE1","2010-10-08 00:00:00","15 rue du Lac 75001 Paris","HOMME"
"Lessetaire","Hanibal","CE1","2012-10-12 00:00:00","15 rue du Lac 75001 Paris","HOMME"
"Dupont","Albert","CE1","2011-10-13 00:00:00","15 rue du Lac 75001 Paris","HOMME"
"Burmi","Nestor","CE1","2012-10-20 00:00:00","15 rue du Lac 75001 Paris","HOMME"
"Foredecafay","Felix","CE1","2012-10-21 00:00:00","23 av. du Ciel 75014 Paris","HOMME"
"Lepetit","Nicolas","CE1","2011-11-04 00:00:00","15 rue du Lac 75001 Paris","HOMME"
"Daudet","Alphonse","CE1","2012-11-18 00:00:00","15 rue du Lac 75001 Paris","HOMME"
"Timberot","Martin","CE2","2011-04-14 00:00:00","15 rue du Lac 75001 Paris","HOMME"
"Gravatas","Paul","CE2","2011-04-15 00:00:00","15 rue du Lac 75001 Paris","HOMME"
"Martin","Julien","CE2","2010-06-09 00:00:00","15 rue du Lac 75001 Paris","HOMME"
"Balado","Arnaud","CE2","2011-06-13 00:00:00","15 rue du Lac 75001 Paris","HOMME"
"Falafav","Cedric","CE2","2010-06-17 00:00:00","15 rue du Lac 75001 Paris","HOMME"
"Du Chemin","Ludovic","CE2","2009-08-12 00:00:00","15 rue du Lac 75001 Paris","HOMME"
"Denali","Daniel","CE2","2010-08-22 00:00:00","15 rue du Lac 75001 Paris","HOMME"
"Maccimo","Marcel","CE2","2010-08-23 00:00:00","15 rue du Lac 75001 Paris","HOMME"
"Formi","Alexandre","CE2","2010-09-03 00:00:00","15 rue du Lac 75001 Paris","HOMME"
"Malengo","Tom","CE2","2010-10-04 00:00:00","15 rue du Lac 75001 Paris","HOMME"
"Legrand","Jean-Batiste","CE2","2010-10-05 00:00:00","14 rue des Souris 93100 Saint-Denis","HOMME"
"Lebeau","Olivier","CE2","2010-10-07 00:00:00","15 rue du Lac 75001 Paris","HOMME"
"Herbert","Franck","CM1","2008-04-25 00:00:00","15 rue du Lac 75001 Paris","HOMME"
"Dupontel","Sylvain","CM1","2008-05-02 00:00:00","15 rue du Lac 75001 Paris","HOMME"
"Avati","Tom","CM1","2008-05-30 00:00:00","15 rue du Lac 75001 Paris","HOMME"
"Dominicci","Adrien","CM1","2009-06-25 00:00:00","32 rue des Fleurs 75018 Paris","HOMME"
"Julives","Fabien","CM1","2008-06-30 00:00:00","15 rue du Lac 75001 Paris","HOMME"
"Loribo","Paul","CM1","2008-07-04 00:00:00","15 rue du Lac 75001 Paris","HOMME"
"Allen","Pierre","CM1","2008-07-14 00:00:00","15 rue du Lac 75001 Paris","HOMME"
"Renaldino","Yann","CM1","2008-07-15 00:00:00","43 rue du Temps 75015 Paris","HOMME"
"Margalev","Vincent","CM1","2008-07-31 00:00:00","15 rue du Lac 75001 Paris","HOMME"
"Roidunor","Denis","CM1","2008-08-01 00:00:00","15 rue du Lac 75001 Paris","HOMME"
"Tong","Hing","CM1","2008-08-02 00:00:00","15 rue du Lac 75001 Paris","HOMME"
"Martini","Carine","CM2","2008-01-17 00:00:00","2 rue du Moulin 92230 Neullavy","FEMME"
"Varola","Sophie","CM2","2009-01-21 00:00:00","15 rue du Lac 75001 Paris","FEMME"
"Labiche","Lelou","CM2","2009-01-21 00:00:00","15 rue du Lac 75001 Paris","FEMME"
"Dujardin","Anne","CM2","2008-02-03 00:00:00","67 rue des Jardins 91800 Brunoy","FEMME"
"Laventure","Martine","CM2","2009-02-15 00:00:00","15 rue du Lac 75001 Paris","FEMME"
"Livradu","Alice","CM2","2008-02-18 00:00:00","15 rue du Lac 75001 Paris","FEMME"
"Veronicci","Cerise","CM2","2008-03-01 00:00:00","15 rue du Lac 75001 Paris","FEMME"
"Baladini","Mathilde","CM2","2009-03-12 00:00:00","15 rue du Lac 75001 Paris","FEMME"
"De La Grange","Luc","CM2","2008-04-16 00:00:00","15 rue du Lac 75001 Paris","HOMME"
"Millot","Bertrand","CM2","2009-04-20 00:00:00","15 rue du Lac 75001 Paris","HOMME"
