"nom_eleve","prenom_eleve","nom_classe","date_naissance_eleve","adresse_eleve","sexe_eleve"
"durand","marie","cp","2015-01-02","15 rue du lac 75001 paris","femme"
"alesi","julie","cp","2014-01-08","72 av. jean dupont 75003 paris","femme"
"valegin","jean","cp","2014-11-28","15 rue du lac 75001 paris","homme"
"eto","gabin","cp","2015-11-18","15 rue du lac 75001 paris","homme"
"fivolini","kevin","cp","2015-12-06","15 rue du lac 75001 paris","homme"
"laferme","martin","cp","2015-12-07","15 rue du lac 75001 paris","homme"
"dupuis","vincent","cp","2015-12-15","15 rue du lac 75001 paris","homme"
"lagrange","alexandre","cp","2014-12-28","15 rue du lac 75001 paris","homme"
"michelet","jean","ce1","2013-04-08","15 rue du lac 75001 paris","homme"
"dupond","pierre","ce1","2013-04-09","15 rue du lac 75001 paris","homme"
"lidar","thierry","ce1","2013-06-02","15 rue du lac 75001 paris","homme"
"mo","francis","ce1","2013-06-03","15 rue du lac 75001 paris","homme"
"obino","alex","ce1","2013-06-08","2 rue jean paul 92340 vallodo","homme"
"hariford","john","ce1","2010-10-08","15 rue du lac 75001 paris","homme"
"lessetaire","hanibal","ce1","2012-10-12","15 rue du lac 75001 paris","homme"
"dupont","albert","ce1","2011-10-13","15 rue du lac 75001 paris","homme"
"burmi","nestor","ce1","2012-10-20","15 rue du lac 75001 paris","homme"
"foredecafay","felix","ce1","2012-10-21","23 av. du ciel 75014 paris","homme"
"lepetit","nicolas","ce1","2011-11-04","15 rue du lac 75001 paris","homme"
"daudet","alphonse","ce1","2012-11-18","15 rue du lac 75001 paris","homme"
"timberot","martin","ce2","2011-04-14","15 rue du lac 75001 paris","homme"
"gravatas","paul","ce2","2011-04-15","15 rue du lac 75001 paris","homme"
"martin","julien","ce2","2010-06-09","15 rue du lac 75001 paris","homme"
"balado","arnaud","ce2","2011-06-13","15 rue du lac 75001 paris","homme"
"falafav","cedric","ce2","2010-06-17","15 rue du lac 75001 paris","homme"
"du chemin","ludovic","ce2","2009-08-12","15 rue du lac 75001 paris","homme"
"denali","daniel","ce2","2010-08-22","15 rue du lac 75001 paris","homme"
"maccimo","marcel","ce2","2010-08-23","15 rue du lac 75001 paris","homme"
"formi","alexandre","ce2","2010-09-03","15 rue du lac 75001 paris","homme"
"malengo","tom","ce2","2010-10-04","15 rue du lac 75001 paris","homme"
"legrand","jean-batiste","ce2","2010-10-05","14 rue des souris 93100 saint-denis","homme"
"lebeau","olivier","ce2","2010-10-07","15 rue du lac 75001 paris","homme"
"herbert","franck","cm1","2008-04-25","15 rue du lac 75001 paris","homme"
"dupontel","sylvain","cm1","2008-05-02","15 rue du lac 75001 paris","homme"
"avati","tom","cm1","2008-05-30","15 rue du lac 75001 paris","homme"
"dominicci","adrien","cm1","2009-06-25","32 rue des fleurs 75018 paris","homme"
"julives","fabien","cm1","2008-06-30","15 rue du lac 75001 paris","homme"
"loribo","paul","cm1","2008-07-04","15 rue du lac 75001 paris","homme"
"allen","pierre","cm1","2008-07-14","15 rue du lac 75001 paris","homme"
"renaldino","yann","cm1","2008-07-15","43 rue du temps 75015 paris","homme"
"margalev","vincent","cm1","2008-07-31","15 rue du lac 75001 paris","homme"
"roidunor","denis","cm1","2008-08-01","15 rue du lac 75001 paris","homme"
"tong","hing","cm1","2008-08-02","15 rue du lac 75001 paris","homme"
"martini","carine","cm2","2008-01-17","2 rue du moulin 92230 neullavy","femme"
"varola","sophie","cm2","2009-01-21","15 rue du lac 75001 paris","femme"
"labiche","lelou","cm2","2009-01-21","15 rue du lac 75001 paris","femme"
"dujardin","anne","cm2","2008-02-03","67 rue des jardins 91800 brunoy","femme"
"laventure","martine","cm2","2009-02-15","15 rue du lac 75001 paris","femme"
"livradu","alice","cm2","2008-02-18","15 rue du lac 75001 paris","femme"
"veronicci","cerise","cm2","2008-03-01","15 rue du lac 75001 paris","femme"
"baladini","mathilde","cm2","2009-03-12","15 rue du lac 75001 paris","femme"
"de la grange","luc","cm2","2008-04-16","15 rue du lac 75001 paris","homme"
"millot","bertrand","cm2","2009-04-20","15 rue du lac 75001 paris","homme"
